Uncharted 4 : A Thief's End;PS4
Final Fantasy XV;PS4
Uncharted : The Nathan's Drake Collection;PS4
Crash Bandicoot N-Sane Trilogy;PS4
Assassin's Creed IV Black Flag;PS4
Resident Evil 4;PS4;NGC
Uncharted : The Lost Legacy;PS4
Final Fantasy XII The Zodiac Age;PS4
Deux Ex : Mankind Divided;PS4
The Elder Scrolls V : Skyrim;PS4
Saint Seiya : Soldier's Soul;PS4
Metal Gear Solid : The Phantom Pain;PS4
Rise of the Tomb Raider;PS4
Rayman Legends;PS4
Killzone Shadow Fall;PS4
Dragon Age Inquisition;PS4
The Last of Us Remastered;PS4
Batman Arkham Knight;PS4
NBA 2K14;PS4
La Terre du Milieu : L'Ombre du Mordor;PS4
Naruto Shippuden Ultimate Ninja Storm 4;PS4
Assassin's Creed Syndicate;PS4
Assassin's Creed Unity;PS4
Odin Sphere Leifthrasir;PS4
Final Fantasy Type-0 HD;PS4
Need for Speed Rivals;PS4
J-Stars Victory VS+;PS3
Naruto Ultimate Ninja Storm;PS3
Assassin's Creed Rogue;PS3
Final Fantasy XIII Lightning Returns;PS3
Dante's Inferno;PS3
The Jak and Daxter Trilogy;PS3
The Ratchet & Clank Trilogy;PS3
Kingdom's Hearts - HD 2.5 Remix;PS3
Final Fantasy X / X-2 HD Remaster;PS3
Tales of Xilia 2;PS3
Mirrors Edge;PS3
Ico & Shadow of the Colossus Classics HD;PS3
White Knight Chronicles II;PS3
FIFA 14;PS3
Vanquish;PS3
Prince of Persia The Forgotten Sands;PS3
Ni no Kuni : La vengeance de la Sorcière céleste;PS3
Sonic Generations;PS3
Dishonored;PS3
Sleeping Dogs;PS3
Batman Arkham City;PS3
Prince of Persia Trilogy;PS3
Castlevania : Lords of Shadow 2;PS3
Duke Nukem Forever;PS3
Dynasty Warriors : Strikeforce;PS3
Darksiders II;PS3
Tomb Raider;PS3
Resident Evil 5;PS3
God of War III;PS3
God of War Collection;PS3
DmC Devil May Cry;PS3
Devil May Cry 4;PS3
Devil May Cry HD Collection;PS3
Metal Gear Rising Revengeance;PS3
Metal Gear Solid The Legacy Collection;PS3
Tales of Xilia;PS3
Tales of Graces F;PS3
Assassin's Creed III;PS3
Deus Ex : Human Revolution;PS3
Need for Speed Most Wanted;PS3
Assassin's Creed Brotherhood;PS3
Bayonetta;PS3
Naruto Shippuden Ultimate Ninja Storm 3;PS3
3D Dot Games Heroes;PS3
Assassin's Creed Revelations;PS3
Demon's Souls;PS3
Catlevania : Lords of Shadow;PS3
Darksiders;PS3
FIFA 12;PS3
NBA 2K12;PS3
Batman Arkham Asylum;PS3
Final Fantasy XIII-2;PS3
Kingdom Hearts - HD 1.5 Remix;PS3
FIFA 13;PS3
Super Street Fighter IV;PS3
SoulCalibur V;PS3
Final Fantasy XIII;PS3
Bleach : Soul Resurreccion;PS3
Assassin's Creed II;PS3
Naruto Shippuden Ultimate Ninja Storm 2;PS3
Grand Theft Auto V;PS3
Playstation All-Stars Battle Royale;PS3
Afro Samurai;PS3
Borderlands;PS3
Epic Mickey : Le Retour des Héros;PS3
Mario Kart 8;Wii U
Yoshi's Woolly World;Wii U
New Super Mario Bros U + New Super Luigi U;Wii U
007 Legends;Wii U
Splatoon;Wii U
Hyrule Warriors;Wii U
The Legend of Zelda : Twilight Princess HD;Wii U
The Legend of Zelda : The Wind Waker HD;Wii U
Bayonetta 2;Wii U
Super Smash Bros for Wii U;Wii U
The Legend of Zelda : Skyward Sword;Wii
Super Smash Bros Brawl;Wii
Tales of Symphonia : Dawn of the New World;Wii
Goldeneye 007;Wii
Metroid : Other M;Wii
Murasame The Demon Blade;Wii
Dragon Bal Z Budokai Tenkaichi 3;Wii
Monster Hunter Tri;Wii
New Super Mario Bros Wii;Wii
Metroid Prime Trilogy;Wii
Super Mario Galaxy;Wii
Super Mario Galaxy 2;Wii
Epic Mickey;Wii
Okami;Wii
MadWorld;Wii
Geometry Wars : Galaxies;Wii
Pandora's Tower;Wii
Sonic Heroes;NGC
Sonic Adventure DX;NGC
Metroid Prime 2 : Echoes;NGC
Phantasy Star Online Episode I & II;NGC
Red Faction II;NGC
Star Wars : The Clone Wars;NGC
Turok : Evolution;NGC
Star Wars : Rogue Leader;NGC
Trilogie Spider-Man;Coffret;BluRay
Matrix;Coffret;BluRay
Underworld (1 à 4);Coffret;BluRay
L'Age de Glace (1 à 4);Coffret;BluRay
Stargate Atlantis;Coffret;BluRay
Indiana Jones;Coffret;BluRay
Die Hard;Coffret;BluRay
Very bad Trip;Coffret;BluRay
Moi Moche et Méchant (1 et 2);Coffret;BluRay
Taken 1 et 2;Coffret;BluRay
Iron Man;Coffret;BluRay
Pirates des Caraïbes (1 à 4);Coffret;BluRay
The Dark Knight Trilogy;Coffret;BluRay
Le Seigneur des Anneaux;Coffret;BluRay
Le Hobbit;Coffret;BluRay
Breaking Bad;Coffret;BluRay
Captain America (1 et 2);Coffret;BluRay
Star Wars (1 a 6);Coffret;BluRay
Arrow (saison 1);Coffret;BluRay
Arrow (saison 2);Coffret;BluRay
Arrow (saison 3);Coffret;BluRay
La Momie Trilogie;Coffret;BluRay
Kaamelott (Livre I);Coffret;Dvd
Kaamelott (Livre II);Coffret;Dvd
Kaamelott (Livre III);Coffret;Dvd
Kaamelott (Livre IV);Coffret;Dvd
Kaamelott (Livre V);Coffret;Dvd
Kaamelott (Livre VI);Coffret;Dvd
Harpers's Island;Coffret;Dvd
Fringe;Coffret;BluRay
Jurassic Park;Coffret;BluRay
X-Men (1 à 3);Coffret;BluRay
Expendables (1 et 2);Coffret;BluRay
The Ultimate Bourne Collection (1 à 3);Coffret;BluRay
Hot Shots (1 et 2);Coffret;BluRay
Rocky;Coffret;BluRay
Retour Vers le Futur;Coffret;BluRay
Hunger Games : La Révolte (Partie 1 et 2);Coffret;BluRay
Alien VS Predactor (1 et 2);Coffret;BluRay
The Three Flavours Cornetto Trilogy;Coffret;BluRay
Sword Art Online Arc 1;Anime;Coffret;BluRay
Sword Art Online Arc 2;Anime;Coffret;BluRay
Full Metal Alchemist Brotherhood;Anime;Coffret;BluRay
Darker Than Black;Anime;Coffret;BluRay
Code Geass;Anime;Coffret;BluRay
Psychic School Wars;Anime;BluRay
Your Name;Anime;BluRay
Yu Yu Hakusho;Anime;Coffret;Dvd
Apocalypse Now;BluRay
Prometheus;BluRay
Gran Torino;BluRay
Pathfinder;BluRay
Mad Max : Fury Road;BluRay
Les Animaux Fantastiques;BluRay
La Grande Muraille;BluRay
Time Out;BluRay
Chapie;BluRay
James Bond 007 : Spectre;BluRay
Pixels;BluRay
Sin City : J'ai tué pour elle;BluRay
Upside Down;BluRay
Happiness Therapy;BluRay
Passengers;BluRay
Assassin's Creed;BluRay
La Folle Histoire de Max & Léon;BluRay
La Planète des Singes : L'affrontement;BluRay
La Planète des Singes : Les Origines;BluRay
Kingsglaive : Final Fantasy XV;BluRay
Avengers : L'Ere d'Ultron;BluRay
Batman Vs Superman : L'Aube de la Justice ;BluRay
Warcraft;BluRay
Deadpool;BluRay
Divergente 2 : L'insurrection;BluRay
Creed : L'héritage de Rocky Balboa;BluRay
Divergente 3 : Au-delà du Mur;BluRay
X-Men : Apocalypse;BluRay
Les 8 Salopards;BluRay
Ninja Turtles 2;BluRay
Star Strek : Sans Limites;BluRay
Jason Bourne;BluRay
Les Chroniques de Blanche-Neige : Le Chasseur et la Reine des Glaces;BluRay
The Revenant;BluRay
Seul sur Mars;BluRay
Suicide Squad;BluRay
Insaisissables 2;BluRay
Crows : Explode;BluRay
Underworld : Blood Wars;BluRay
Les Gardiens de la Galaxie;BluRay
L'Homme aux Poings de Fer;BluRay
Dredd;BluRay
Gladiator;BluRay
Thor;BluRay
Thor : Le Monde des Ténèbres;BluRay
Hunger Games;BluRay
Hunger Games : L'embrasement;BluRay
Pacific Rim;BluRay
Sherlock Holmes;BluRay
Sherlock Holmes : Jeu d'Ombres;BluRay
Le Maitre d'Armes;BluRay
The Grandmaster;BluRay
World War Z;BluRay
King Kong;BluRay
Real Steel;BluRay
Invictus;BluRay
Man of Steel;BluRay
J.Edgar;BluRay
Dragons;BluRay
Star Trek;BluRay
Star Trek : Into Darkness;BluRay
Je suis une Légende;BluRay
Percy Jackson et la Mer des Monstres;BluRay
47 Ronin;BluRay
Albator Corsaire de l'espace;BluRay
Total Recall : Mémoires programmées;BluRay
Jumanji;BluRay
Snatch;BluRay
Kill Bill Volume 1;BluRay
Kill Bill Volume 2;BluRay
Shinobido : La Voie du Ninja;BluRay
Rebelle;BluRay
Le Dernier Samurai;BluRay
La Ligue des Gentlemen Extraordinaires;BluRay
The Assassins;BluRay
Fight Club;BluRay
Le Chat Potté;BluRay
Gastby Le Magnifique;BluRay
Sucker Punch;BluRay
Edge of Tomorrow;BluRay
Godzilla;BluRay
Snowpiercer;BluRay
La Belle et la Bête;BluRay
Avatar;BluRay
La Reine des Neiges;BluRay
Les Mondes de Ralph;BluRay
Le Roi Lion;BluRay
Raiponce;BluRay
Men in Black;BluRay
Men in Black II;BluRay
Men in Black 3;BluRay
Green Lantern;BluRay
Le Cinquième Element;BluRay
Cloud Atlas;BluRay
V pour Vendetta;BluRay
Sweeny Todd : The Demon Barber of Fleet Street;BluRay
X-Men : Le Commencement;BluRay
X-Men : Days of Future Past;BluRay
Shutter island;BluRay
Inception;BluRay
The Amazing Spider-Man;BluRay
The Artist;BluRay
Avergers;BluRay
Django : Unchained;BluRay
Abraham Lincoln : Vampire Hunter;BluRay
Looper;BluRay
Blanche Neige et le Chasseur;BluRay
Inglorious Bastards;BluRay
Dargmar : L'Âme des Vikings;BluRay
Ong-Bak 3;BluRay
Elysium;BluRay
Drive;BluRay
Final Fantasy VII : Advent Children Complete;BluRay
Dracula Untold;BluRay
Malefique;BluRay
Insaisissables;BluRay
Gone Girl;BluRay
Exodus : Gods and Kings;BluRay
Lone Ranger : Naissance d'un Héro;BluRay
Man of Taichi;BluRay
Battle for Skyark;BluRay
Jupiter : Le Destin de l'Univers;BluRay
Guillotines;BluRay
La légende d'Hercule;BluRay
Constantine;BluRay
Les 4 Fantastiques;BluRay
Les 4 Fantastiques et le Surfeur d'Argent;BluRay
Lord of War;BluRay
Benjamin Gates et le Trésor des Templiers;BluRay
Benjamin Gates 2 : Le Livre des Secrets;BluRay
La Colère des Titans;BluRay
Mr & Mrs Smith;BluRay
Tarzan;BluRay
Le Livre de la Jungle;BluRay
La Planète des Singes;BluRay
Les Cinq Légendes;BluRay
Kick-Ass;BluRay
Kick-Ass 2;BluRay
Lucy;BluRay
Kingsman : Services Secrets;BluRay
Expendables 3;BluRay
Interstellar;BluRay
Asterix : Le Domaine des Dieux;BluRay
The Equalizer;BluRay
Taken 3;BluRay
Ninja Turtles;BluRay
Hercule;BluRay
Watchmen : Les Gardiens;BluRay
Le Loup de Wall Street;BluRay
28 Semaines Plus Tard;BluRay
28 Jours Plus Tard;BluRay
Dragons 2;BluRay
La Stratégie Ender;BluRay
Need For Speed;BluRay
The Amazing Spider-Man : Le Destin d'un Héro;BluRay
Turbo;BluRay
Troie;BluRay
Le Pacte des Loups;BluRay
Paul;BluRay
Full Metal Jacket;BluRay